type,id,name,username,plays
cr,1,Track #1,kazniti,
cr,5,The Mansion,moose_man,
cr,87,Help save Xmas,moose_man,
cr,102,Aqua Marine,moose_man,
cr,1175,Volcano,moose_man,
cr,1637,Ancient World!!!,joekeene,
cr,2056,The Lab,moose_man,
cr,21888,china adventure,lolz666,
cr,29472,3D Bedroom,moose_man,
cr,29473,3D Bathroom,moose_man,
cr,29479,3D Kitchen,moose_man,
cr,29480,Windy Downhill,moose_man,
cr,30030,Stalwark Drive,Freeride Rayward,
cr,30518,Epic NthShore,moose_man,
cr,37338,Olympia ride,lolz666,
cr,38454,wyrzuc smieci 2,Wronabezogona,
cr,40169,hapy end <3,Wronabezogona,
cr,47922,sk8 park 31 w?am,Wronabezogona,
cr,48247,Egyptian empire,lolz666,
cr,49178,northshore,lolz666,
cr,52215,Dino World,moose_man,
cr,58051,Sunday Arvo Pedal,moose_man,
cr,58766,Antarctic slopes,lolz666,
cr,59409,3D Skatepark,moose_man,
cr,61587,3D Skatepark II,moose_man,1.8m
cr,71525,Catch ya plane,moose_man,
cr,71535,City Run,mooseandlolz666,
cr,74627,Global Warming!,greenpeace,
cr,80892,caribbean coast,richandlolz666,
cr,82806,up the mountain,lolz666,
cr,87092,Mountain Ride,Gräggen,
cr,169715,...year 3012...,it-must-be-you,
cr,191756,FutureRootsLv1,hawnks,
cr,208849,FutureRootsLv2,hawnks,
cr,250192,FutureRootsLv3.2,hawnks,
cr,250252,BMX Odyssey,dufftron,
cr,260130,Stone Mountain v2,odin333,
cr,260223,Star Wars,Stig,
cr,264088,BMX Odyssey 2,dufftron,
cr,267389,Crysis,Gräggen,
cr,274254,Steep Trail,Gräggen,
cr,289066,Rocky Steppes,Gräggen,
cr,289568,FutureRootsLv4,hawnks,
cr,291848,Tools of Destruction,Stig,
cr,294536,Demon Universe,lolz666andltl,
cr,295252,Break the surface,Gräggen,
cr,304840,BMX Odyssey 3,Dufftron,
cr,304926,Day At The Cottage,odin333,
cr,309213,American Outback,lolz666,
cr,309255,FutureRootsLv5,hawnks,
cr,310927,Path of Illumination,artyst,
cr,311302,This Is Freeride,phil38654,
cr,314741,Blorks Mountain,esklate,
cr,317542,west-49 skatepark,jon312,
cr,318050,Unfinished MWMVTT,skormz,
cr,353527,Contest Entry,kazniti,
cr,356286,Contest Entry,Gräggen,
cr,360607,Whistler mt.,jon312,2.1m
cr,384904,BMX Odyssey 4,Dufftron,
cr,388856,Algarvian Coast,strobacaxi,
cr,399974,Eternal Factory,wolfram,
cr,402326,Rebel,wolfram,
cr,402327,Black Arrows,wolfram,
cr,402329,Two V per Wolfram,wolfram,
cr,409068,Layers,Gräggen,
cr,420251,Heretics,Dufftron,
cr,423055,Fox Revolution,-Firefox-,
cr,433451,Woodworks,Phil38654,
cr,442099,Plain,Gräggen,
cr,443861,Groundopus,ldprider,
cr,444346,killer teddies =O,vampyre,
cr,460934,The Secret Valley,lolz666,
cr,474544,Moo's Island,Ravee,
cr,478024,Theoratos Megathirio,Vapaa,
cr,483824,45 degrees,ldprider,
cr,486023,MTB Factory,ToxicMahem,
cr,504890,Moonlight Ride,phil38654,
cr,505501,TTT,ToxicMahem,
cr,511485,Fantasy Factory,Jon312,
cr,511979,MTB Factory 2,ToxicMahem,
cr,513853,Skatepark,jon312,
cr,513958,Overland Expedition,phil38654,
cr,516809,Super Mario Universe,Stigandhelmertz,
cr,517988,Overall Control,ToxicMahem,
cr,520145,WJP Saints Empire,Stig,
cr,523677,Nordsplore,ldprider,
cr,526987,Skate Factory,ToxicMahem,
cr,528450,Wolfram's Pilot,ldprider,
cr,531280,To the Lighthouse ,C_Four,
cr,532634,Suburban Flood,ldprider,
cr,535986,Canyon Slopestyle,c_four,
cr,544144,WOTP #1,ldprider,
cr,544987,WOTP #2,ldprider,
cr,545463,WOTP #3,ldprider,
cr,547546,Everglades,ldprider,
cr,548233,SkateNC.1,ToxicMahem,
cr,548311,Opportunity,Ravee,
cr,549569,NESS & friends,ldprider,
cr,550011,lost unfound,bingbangboom,
cr,555072,Stitched Up,Lust,
cr,559418,Cce,lolz666,
cr,559890,Movie Mania CCE,thepenguins,
cr,559965,Pure Nature,gongo999,
cr,560642,SkateGod,uncfan,
cr,561374,Jungle Run,helmertz,
cr,561613,Forsaken Forest,kazniti,
cr,568132,Wind Whisper,archivist,
cr,676209,Rocky Terrain,jon312,
cr,676221,Aquatic Adventure,toxicmahemnmax007x,
cr,676421,Sulphur Ridge,Vapaa,
cr,676484,Cliffside Trail,phil38654,
cr,676487,Alien Invasion 2,gongo999,
cr,677996,Asteroid Escape,"RHINO",
cr,680331,Preview,gongo999,
cr,684595,Fiji,vapaa,
cr,685776,The Tower,The Maltor,
cr,688949,Mountain Level,rhino,
cr,688953,Mayan Level,guitarslasha,
cr,688954,Fire Temple,ldprider,
cr,688955,Goddess Level,cdawgrider133,
cr,688960,Plasticorp,plasticpineapple,
cr,688962,Rocky Mountain,bingbangboom,
cr,688963,Yellow Stone,artyst,
cr,688964,Volcan Level,max007x,
cr,689812,Last Catacombs,ravee,
cr,690356,Japanese Forest Ride,forlorn333,
cr,691294,Calculate,ldprider,
cr,691497,Critical,ldprider,
cr,691706,haunted mansion,anaomet,
cr,693515,World In Ruins,detailed,
cr,696143,Bootleg Bill's MTN,RHINO,
cr,696181,Nailed,ldprider,
cr,696536,Technical Duality,ldprider,
cr,696840,Mt Wellington,jesteranddetailed,
cr,697065,The Office,qwertymckay,
cr,698561,PURE MOUNTAINBIKING,JiiPee,
cr,698619,Unstable Complex,ToxicMahem,
cr,700050,Chase,thefunkymonkie,
cr,701475,PURE MOUNTAINBIKING2,JiiPee,
cr,703176,WJP NTBF,Stig,
cr,703177,Dean Slopes,The Maltor,
cr,703830,cc III,anaomet,
cr,704209,Pegromaic,ToxicMahem,
cr,704619,Pegromaic 2,ToxicMahem,
cr,705831,PURE MOUNTAINBIKING3,JiiPee,
cr,706131,TTT 2,ToxicMahem,
cr,706538,AquaRoute,rhino,
cr,711430,Bigblu3 Compound,bigblu3,
cr,716092,MTBX 09 Round 1,thefunkymonkie,
cr,717430,Naval,toxicity,
cr,718184,Contest Entry,vapaa,
cr,719626,CONTEST ENTRY,ness,
cr,719989,800k of mud,-firefox-,
cr,721813,Dawn in the Mountain,honza47,
cr,723116,Grim Hill,_vili,
cr,727787,Pastranas BackYard,bigblu3,
cr,729757,MTB inc,thefunkymonkie,
cr,731175,Silent Valley,honza47,
cr,747733,Neoexperimental Park,vapaa,
cr,748649,DToF FaF C R,ToxicMahem,
cr,750550,Groundhog Returns,jon312,
cr,752538,Forever Falls,futuremtns,
cr,753213,Subterra Ulterior,ldprider,
cr,754926,Future AIO,gongo999,
cr,755800,Vendetta,bingbangboom,
cr,757997,yxk4evr,"C_Four",
cr,772610,Gash,bingbangboom,
cr,773474,Brush,honza47,
cr,773717,Boredom,honza47,
cr,782995,Endogenous,iamrider,
cr,785674,Chillwind Woods,lolz666,
cr,793824,The Gorge,hewpuck,
cr,807666,Glorious,plasticpineapple,
cr,809977,SSCE,south,
cr,813041,Cave Troll,drmanbearpig,
cr,819064,Turtle Beach by FUTURE MTNS,archivist,
cr,827582,lost city of gods,dropkick,
cr,828318,Grid City,autoa,
cr,835727,Swamps of Doom,Vapaa,
cr,836418,sunset dirt ride,dropkick,
cr,839393,Ultimate sprites,deadrising2,
cr,845139,Moississure,cdawgrider133,
cr,850568,ninja warrior RND 1,drmanbearpig,
cr,854850,Trackmillion,itzchucknorris,
cr,860905,Moab Detailed,drmanbearpig,
cr,866154,ParachuteDrop,drmanbearpig,
cr,871990,Forest of September,kazniti,
cr,872089,Monkie Park,thefunkymonkie,
cr,886004,Industrialized,honza47,
cr,899707,Lonely Thicket,south,
cr,911929,Aspen Forest,drmanbearpig,
cr,932001,colorado woods,drmanbearpig,
cr,970120,Preview,lolz666,
cr,979679,Alice,plasticpineapple,
cr,986395,Ohm Sweet Ohm,Vapaa,
cr,1000000,CONTEST ENTRY,leboulanger,
cr,1037378,medevil bike ride,dropkick,
cr,1050056,koniec jest bliski,igi_killer,
cr,1052716,mini NINJA cave,igi_killer,
cr,1055888,Contest Entry,010David010,
cr,1058625,CONTEST ENTRY,plasticpineapple,
cr,1061678,Contest Entry,Cake,
cr,1091637,GTA garage,igi_killer,
cr,1103774,synthetica,drmanbearpig,
cr,1107250,Twisting Nether 2,itzchucknorris,
cr,1153541,FMT CE,leboulanger,
cr,1176973,Solace,thecrypt,
cr,1178809,Red version,deadrising2,
cr,1194666,spelunking,drmanbearpig,
cr,1197842,Deep Space Voyage,Isenki,
cr,1209099,Woodland Meadow,thecrypt,
cr,1233965,Wild China,drmanbearpig,
cr,1243209,Imperial,mpatriot,
cr,1243809,URBAN RIDE,igi_killer,
cr,1248118,lion trail,armator,
cr,1337878,53 azalea street,Vapaa,
cr,1339340,Sector 54,vapaa,
cr,1343123,Cargo Hold,tsunami,
cr,1345673,Mint Sauce,autoa,
cr,1349695,City of Dreams,tsunami,
cr,1351745,Droshek,ToxicMahem,
cr,1356660,TTT Rage,ToxicMahem,
cr,1356862,Sunrise Tropics,tsunami,
cr,1362738,Beast Tree,drmanbearpig,
cr,1363533,windmill run,JackRaposa,
cr,1372002,Twisted Ligaments,ToxicMahem,
cr,1439575,Build v1,ribj,
cr,1453858,Western,drmanbearpig,
cr,1460566,TOWER RAMPAGE,igi_killer,
cr,1461115,Bats,ldprider,
cr,1463036,Caesium,cky199,
cr,1463045,Lust,deadrising2,
cr,1463046,Graveyard Ghost,armator,